id;name;start_date;end_date
1;Refined eyeballs;2021-07-07T00:04:23;2021-07-06T17:56:57
2;Dollar;2021-07-07T02:08:22;2021-07-07T14:53:48
3;Metal deposit;2021-07-07T02:16:09;2021-07-07T02:26:09
4;Bacon focus intelligence;2021-07-07T08:44:06;2021-07-07T14:31:09
5;Loan Account;2021-07-06T18:08:12;2021-07-07T07:28:55
6;Refined Towels;2021-07-07T09:05:58;2021-07-06T22:26:05
7;drive generate Concrete;2021-07-07T05:50:18;2021-07-07T14:50:42
8;deliverables open-source;2021-07-07T02:51:39;2021-07-07T10:39:27
9;Account programming;2021-07-06T20:26:31;2021-07-07T15:59:12
10;Administrator Computer connecting;2021-07-06T19:49:08;2021-07-06T21:39:23
